Workbook

Sheet Instrucciones
B1: Pulso – Asistencia docente · Departamento de Electricidad y Electrónica
B6: CÓMO LO USA EL DOCENTE
A7: 1 | B7: Recibe por correo su enlace personal y lo guarda en la pantalla de inicio del celular (una sola vez).
A8: 2 | B8: Al llegar al salón: se conecta al WiFi de la UFPS, abre el enlace y toca “Registrar asistencia”. La página ya muestra su clase, el salón y la hora.
B9: POR QUÉ ES SEGURO SIN PANTALLAS NI PERSONAL
A10: • | B10: Red WiFi: la página pasa por un Cloudflare Worker (gratis) que ve la IP real de la conexión. Un GPS falso cambia la ubicación, pero desde la casa la conexión no sale por la red de la UFPS. El celular no puede falsificar esa IP.
A11: • | B11: GPS: 3 lecturas frescas, precisión mínima y radio del campus. Además detecta patrones de apps de GPS falso (coordenadas congeladas, precisión irreal, saltos imposibles, coordenadas idénticas a otro día).
A12: • | B12: Celular vinculado: el enlace queda atado al primer celular donde se abre. Si se reenvía el enlace a otra persona, no funciona.
A13: • | B13: Horario: solo se puede registrar desde 15 min antes del inicio hasta el final de la clase que el docente tiene programada.
A14: • | B14: Firma: el Apps Script solo acepta solicitudes firmadas por el Worker; no se puede saltar llamando directo al servidor.
A15: • | B15: Foto en vivo: opcional (Config). Si la activas, queda la selfie en Drive como evidencia.
B16: INSTALACIÓN DESDE GITHUB
A17: 1 | B17: Sube este archivo a Google Drive → Abrir con Hojas de cálculo de Google → Archivo → Guardar como Hojas de cálculo de Google. Mantén la hoja PRIVADA.
A18: 2 | B18: En la hoja: Extensiones → Apps Script → engranaje (Configuración del proyecto) → copia el “ID de la secuencia de comandos”. Ese es el SCRIPT_ID para GitHub.
A19: 3 | B19: Sigue el README del repositorio: el workflow “Desplegar” de GitHub sube el código a Apps Script y a Cloudflare automáticamente.
A20: 4 | B20: Después del primer despliegue: recarga esta hoja → menú Pulso · Asistencia → 1. Autorizar y verificar instalación (acepta los permisos).
A21: 5 | B21: En Config pega la “URL del Worker” que aparece en el resumen del workflow en GitHub, tu correo y las fechas. Llena la columna Correo en Docentes.
A22: 6 | B22: Menú → 2. Generar enlaces → 3. Enviar enlaces → 4. Activar automatización.
A23: • | B23: Cambios futuros al código: se hacen en GitHub. Cada cambio en la rama main se prueba y se despliega solo; la URL no cambia.
B24: ACTIVAR LA RED WIFI (semanas 1–2)
A25: • | B25: Empieza con Validación de red = ALERTA: registra y marca quién está fuera de la red, sin rechazar.
A26: • | B26: Cada noche la hoja Redes se llena sola con las redes desde donde registran los docentes. Escribe SI en “Aprobada” solo en la red de la universidad (la que usan muchos docentes y no es Claro/Movistar/Tigo/WOM). Mejor aún: pide a Sistemas de la UFPS los rangos de IP públicos del WiFi y agrégalos como filas aprobadas.
A27: • | B27: Cuando la red esté aprobada, cambia Validación de red a EXIGIR: desde ese momento solo se acepta el registro conectado al WiFi UFPS.
B28: LÍMITES (para que lo tengas claro)
A29: • | B29: Valida que el docente está en la universidad durante su horario, no el salón exacto: sin hardware (pantallas o balizas) ningún celular puede probar en qué salón está. Puedes acotar por bloque llenando lat/lng/radio en Salones.
A30: • | B30: Si la UFPS tiene VPN para docentes, excluye su rango (no lo apruebes) para que no se pueda registrar desde la casa por VPN.
A31: • | B31: Un docente podría entregarle su celular a otra persona en el campus. Para eso existe la foto opcional y la alerta de celular compartido.
A32: • | B32: La ubicación, la IP y la foto son datos personales (Ley 1581 de 2012): informa a los docentes y obtén su autorización.
B33: MANTENIMIENTO
A34: • | B34: Docente cambió de celular o borró los datos del navegador: borra su celda en Docentes → Celular vinculado.
A35: • | B35: Enlace filtrado: borra su celda Clave del enlace → menú 2 y 3 (el enlace anterior deja de funcionar).
A36: • | B36: Salón virtual o fuera del campus (TE000): Exige ubicación = NO en Salones (queda con alerta).

Sheet Config
A1: Parámetro | B1: Valor | C1: Nota
A2: URL del Worker | C2: Aparece en el resumen del workflow Desplegar en GitHub (ej. https://pulso-ufps.tu-usuario.workers.dev).
A3: Correo del coordinador | C3: Alertas y reporte diario. Varios correos separados por coma.
A4: Validación de red WiFi (NO/ALERTA/EXIGIR) | B4: ALERTA | C4: ALERTA las primeras semanas mientras apruebas la red en la hoja Redes; luego EXIGIR.
A5: Latitud del campus | B5: 7.898115 | C5: UFPS sede principal, Av. Gran Colombia 12E-96 (Google Maps).
A6: Longitud del campus | B6: -72.488703
A7: Radio permitido (m) | B7: 300 | C7: Distancia máxima al punto central (cada salón puede tener el suyo en Salones).
A8: Precisión GPS máxima (m) | B8: 100 | C8: Lecturas menos precisas se rechazan.
A9: Lecturas GPS mínimas | B9: 3
A10: Bloquear si cambia el celular (SI/NO) | B10: SI | C10: SI: el enlace solo funciona en el celular vinculado. NO: solo alerta.
A11: Exigir foto en vivo (SI/NO) | B11: NO | C11: SI agrega una selfie como evidencia (guardada en Drive).
A12: Correo inmediato por alertas (SI/NO) | B12: SI | C12: Registro aceptado con algo sospechoso (GPS, red, celular).
A13: Minutos antes del inicio para registrar | B13: 15
A14: Tolerancia de llegada (min) | B14: 10 | C14: Hasta cuántos minutos después del inicio cuenta como “A tiempo”.
A15: Enviar alertas de no registro (SI/NO) | B15: SI | C15: Correo cuando una clase pasa la tolerancia sin registro.
A16: Fecha inicio de control | B16: 46314 | C16: Antes de esta fecha no se marcan inasistencias.
A17: Fecha fin de control | C17: Último día de clases del semestre.

Sheet Horario
A1: ID clase | B1: Día | C1: Hora inicio | D1: Hora fin | E1: Código materia | F1: Materia | G1: Código docente | H1: Docente | I1: Salón | J1: Alumnos
A2: 04528-1090811A-LUN-0600 | B2: Lunes | C2: 06:00 | D2: 08:00 | E2: 1090811A | F2: MICROCONTROLADORES | G2: 04528 | H2: MEDINA DURAN JOHNNY OMAR | I2: AG102 | J2: 5
A3: 07663-1160071A-LUN-0600 | B3: Lunes | C3: 06:00 | D3: 07:00 | E3: 1160071A | F3: DISEÑO DIGITAL | G3: 07663 | H3: DUQUE SUAREZ OSCAR MANUEL | I3: AG103 | J3: 11
A4: 06667-1160053A-LUN-0600 | B4: Lunes | C4: 06:00 | D4: 08:00 | E4: 1160053A | F4: MEDICION ELECTRONICA | G4: 06667 | H4: BARBOSA CASANOVA GEINER GIOVANNY | I4: AG104 | J4: 11
A5: 05497-1090344A-LUN-0600 | B5: Lunes | C5: 06:00 | D5: 08:00 | E5: 1090344A | F5: ANALISIS DE CIRCUITOS DC | G5: 05497 | H5: RESTREPO CHAUSTRE YESENIA | I5: AG201 | J5: 13
A6: 05233-1090244B-LUN-0600 | B6: Lunes | C6: 06:00 | D6: 08:00 | E6: 1090244B | F6: LECTURA CRITICA | G6: 05233 | H6: GALVIS MONTAGUT ALEXANDRA | I6: AG204 | J6: 25
A7: 07664-1090814A-LUN-0600 | B7: Lunes | C7: 06:00 | D7: 08:00 | E7: 1090814A | F7: ENERGIAS RENOVABLES | G7: 07664 | H7: VALOYES GELVEZ JOSE ELKIN | I7: LE102 | J7: 12
A8: 01243-1160092D-LUN-0600 | B8: Lunes | C8: 06:00 | D8: 08:00 | E8: 1160092D | F8: ARQUITECTURA DE COMPUTADORES | G8: 01243 | H8: QUINTERO AYALA SERGIO IVAN | I8: LE103 | J8: 14
A9: 07582-1090544A-LUN-0600 | B9: Lunes | C9: 06:00 | D9: 08:00 | E9: 1090544A | F9: SEÑALES Y SISTEMAS | G9: 07582 | H9: SANTANDER VILLAMIZAR JOSE LEONARDO ANDRES | I9: LG107 | J9: 15
A10: 06274-1160061A-LUN-0600 | B10: Lunes | C10: 06:00 | D10: 07:00 | E10: 1160061A | F10: ELECTRONICA I | G10: 06274 | H10: LOPEZ BUSTAMANTE ORIANA ALEXANDRA | I10: LG108 | J10: 7
A11: 06921-1160081B-LUN-0600 | B11: Lunes | C11: 06:00 | D11: 08:00 | E11: 1160081B | F11: ELECTRONICA III | G11: 06921 | H11: CARDOZO SARMIENTO DARWIN ORLANDO | I11: LG109 | J11: 12
A12: 04068-1090714B-LUN-0600 | B12: Lunes | C12: 06:00 | D12: 08:00 | E12: 1090714B | F12: ELECTRONICA II | G12: 04068 | H12: FERREIRA JAIMES JULIAN | I12: LG110 | J12: 15
A13: 05497-1090713B-LUN-0800 | B13: Lunes | C13: 08:00 | D13: 10:00 | E13: 1090713B | F13: CONTROL AUTOMATICO | G13: 05497 | H13: RESTREPO CHAUSTRE YESENIA | I13: AG101 | J13: 16
... A283: 07428-1161106B-SAB-0800 | B283: Sábado | C283: 08:00 | D283: 10:00 | E283: 1161106B | F283: PRACTICA SOCIAL | G283: 07428 | H283: FUENTES FUENTES JORGE LEONARDO | I283: TE000 | J283: 12

Sheet Docentes
A1: Código docente | B1: Docente | C1: Categoría | D1: Correo | E1: Activo (SI/NO) | F1: Clave del enlace (menú 2) | G1: Celular vinculado (automático) | H1: Enlace personal (menú 2) – PRIVADO
A2: 07092 | B2: ALVAREZ GUERRERO JESUS | C2: Cátedra | E2: SI
A3: 07583 | B3: ARIAS BOTELLO JOHN FREDY | C3: Cátedra | E3: SI
A4: 06667 | B4: BARBOSA CASANOVA GEINER GIOVANNY | C4: Cátedra | E4: SI
A5: 07708 | B5: BARRIENTOS SANDOVAL LUIS EDUARDO | C5: Cátedra | E5: SI
A6: 05247 | B6: BAUTISTA RUIZ JORGE HERNANDO | C6: Tiempo completo | E6: SI
A7: 01504 | B7: BECERRA VARGAS JOSE ARMANDO | C7: Tiempo completo | E7: SI
A8: 02247 | B8: BERMUDEZ SANTAELLA JOSE RICARDO | C8: Tiempo completo | E8: SI
A9: 06921 | B9: CARDOZO SARMIENTO DARWIN ORLANDO | C9: Cátedra | E9: SI
A10: 05508 | B10: CASTRO CASADIEGO SERGIO ALEXANDER | C10: Cátedra | E10: SI
A11: 06374 | B11: CHINCHILLA HERRERA NORBEY | C11: Cátedra | E11: SI
A12: 00076 | B12: DAVILA MARQUEZ LUIS RODOLFO | C12: Cátedra | E12: SI
A13: 07418 | B13: DUQUE SUAREZ MARIA CAROLINA | C13: Cátedra | E13: SI
... A39: 07664 | B39: VALOYES GELVEZ JOSE ELKIN | C39: Cátedra | E39: SI

Sheet Salones
A1: Salón | B1: Exige ubicación y red (SI/NO) | C1: Latitud (opcional) | D1: Longitud (opcional) | E1: Radio (m, opcional)
A2: AG101 | B2: SI
A3: AG102 | B3: SI
A4: AG103 | B4: SI
A5: AG104 | B5: SI
A6: AG105 | B6: SI
A7: AG201 | B7: SI
A8: AG202 | B8: SI
A9: AG203 | B9: SI
A10: AG204 | B10: SI
A11: AG205 | B11: SI
A12: AG206 | B12: SI
A13: AG301 | B13: SI
... A37: TE000 | B37: NO
A39: Lat/Lng/Radio opcionales: para exigir un bloque concreto (ej. bloque LG). Vacío = se usa el campus de Config.

Sheet Redes
A1: Rango de red | B1: Organización / proveedor | C1: Docentes distintos | D1: Registros | E1: Última vez | F1: Aprobada (SI/NO/PENDIENTE)
H2: Se llena sola cada noche con las redes desde donde registran los docentes (GPS dentro del campus).
H3: Escribe SI solo en la red de la universidad. NO en operadores móviles (Claro, Movistar, Tigo, WOM) ni VPN.
H4: También puedes agregar a mano los rangos que te dé Sistemas (ej. 190.25.10.0/24) con Aprobada = SI.

Sheet Festivos
A1: Fecha | B1: Descripción
A2: 46328 | B2: Día de Todos los Santos (trasladado)
A3: 46342 | B3: Independencia de Cartagena (trasladado)
A4: 46364 | B4: Inmaculada Concepción
A5: 46381 | B5: Navidad
A7: Agrega recesos o días sin clase. Verifica con el calendario académico oficial.

Sheet Registros
A1: Fecha | B1: Hora | C1: Código | D1: Docente | E1: Salón | F1: Latitud | G1: Longitud | H1: Precisión (m) | I1: Lecturas GPS | J1: Resultado | K1: Motivo | L1: ID clase | M1: Alertas | N1: Distancia (m) | O1: Celular | P1: IP | Q1: Red | R1: Navegador

Sheet Asistencia
A1: Fecha | B1: Día | C1: ID clase | D1: Hora inicio | E1: Hora fin | F1: Código materia | G1: Materia | H1: Código docente | I1: Docente | J1: Salón | K1: Hora registro | L1: Minutos de retraso | M1: Estado | N1: En red UFPS | O1: Distancia (m) | P1: Alertas | Q1: Foto | R1: Revisión coordinador

Sheet Resumen
A1: Cumplimiento acumulado por docente
A2: Se calcula desde Asistencia. Cumplimiento = (A tiempo + Tarde − revisadas No válidas) / clases controladas.
A4: Código docente | B4: Docente | C4: Clases controladas | D4: A tiempo | E4: Tarde | F4: No registró | G4: Fuera de red UFPS | H4: Cumplimiento | I4: Retraso promedio (min) | J4: Con alerta | K4: Revisadas no válidas
A5: 07092 | B5: ALVAREZ GUERRERO JESUS | C5: =COUNTIFS(Asistencia!$I:$I,$B5) -> 0 | D5: =COUNTIFS(Asistencia!$I:$I,$B5,Asistencia!$M:$M,"A tiempo") -> 0 | E5: =COUNTIFS(Asistencia!$I:$I,$B5,Asistencia!$M:$M,"Tarde") -> 0 | F5: =COUNTIFS(Asistencia!$I:$I,$B5,Asistencia!$M:$M,"No registró") -> 0 | G5: =COUNTIFS(Asistencia!$I:$I,$B5,Asistencia!$N:$N,"NO") -> 0 | H5: =IF(C5=0,"",(D5+E5-K5)/C5) | I5: =IFERROR(AVERAGEIFS(Asistencia!$L:$L,Asistencia!$I:$I,$B5,Asistencia!$M:$M,"Tarde"),"") | J5: =COUNTIFS(Asistencia!$I:$I,$B5,Asistencia!$P:$P,"?*") -> 0 | K5: =COUNTIFS(Asistencia!$I:$I,$B5,Asistencia!$R:$R,"No válida") -> 0
A6: 07583 | B6: ARIAS BOTELLO JOHN FREDY | C6: =COUNTIFS(Asistencia!$I:$I,$B6) -> 0 | D6: =COUNTIFS(Asistencia!$I:$I,$B6,Asistencia!$M:$M,"A tiempo") -> 0 | E6: =COUNTIFS(Asistencia!$I:$I,$B6,Asistencia!$M:$M,"Tarde") -> 0 | F6: =COUNTIFS(Asistencia!$I:$I,$B6,Asistencia!$M:$M,"No registró") -> 0 | G6: =COUNTIFS(Asistencia!$I:$I,$B6,Asistencia!$N:$N,"NO") -> 0 | H6: =IF(C6=0,"",(D6+E6-K6)/C6) | I6: =IFERROR(AVERAGEIFS(Asistencia!$L:$L,Asistencia!$I:$I,$B6,Asistencia!$M:$M,"Tarde"),"") | J6: =COUNTIFS(Asistencia!$I:$I,$B6,Asistencia!$P:$P,"?*") -> 0 | K6: =COUNTIFS(Asistencia!$I:$I,$B6,Asistencia!$R:$R,"No válida") -> 0
A7: 06667 | B7: BARBOSA CASANOVA GEINER GIOVANNY | C7: =COUNTIFS(Asistencia!$I:$I,$B7) -> 0 | D7: =COUNTIFS(Asistencia!$I:$I,$B7,Asistencia!$M:$M,"A tiempo") -> 0 | E7: =COUNTIFS(Asistencia!$I:$I,$B7,Asistencia!$M:$M,"Tarde") -> 0 | F7: =COUNTIFS(Asistencia!$I:$I,$B7,Asistencia!$M:$M,"No registró") -> 0 | G7: =COUNTIFS(Asistencia!$I:$I,$B7,Asistencia!$N:$N,"NO") -> 0 | H7: =IF(C7=0,"",(D7+E7-K7)/C7) | I7: =IFERROR(AVERAGEIFS(Asistencia!$L:$L,Asistencia!$I:$I,$B7,Asistencia!$M:$M,"Tarde"),"") | J7: =COUNTIFS(Asistencia!$I:$I,$B7,Asistencia!$P:$P,"?*") -> 0 | K7: =COUNTIFS(Asistencia!$I:$I,$B7,Asistencia!$R:$R,"No válida") -> 0
A8: 07708 | B8: BARRIENTOS SANDOVAL LUIS EDUARDO | C8: =COUNTIFS(Asistencia!$I:$I,$B8) -> 0 | D8: =COUNTIFS(Asistencia!$I:$I,$B8,Asistencia!$M:$M,"A tiempo") -> 0 | E8: =COUNTIFS(Asistencia!$I:$I,$B8,Asistencia!$M:$M,"Tarde") -> 0 | F8: =COUNTIFS(Asistencia!$I:$I,$B8,Asistencia!$M:$M,"No registró") -> 0 | G8: =COUNTIFS(Asistencia!$I:$I,$B8,Asistencia!$N:$N,"NO") -> 0 | H8: =IF(C8=0,"",(D8+E8-K8)/C8) | I8: =IFERROR(AVERAGEIFS(Asistencia!$L:$L,Asistencia!$I:$I,$B8,Asistencia!$M:$M,"Tarde"),"") | J8: =COUNTIFS(Asistencia!$I:$I,$B8,Asistencia!$P:$P,"?*") -> 0 | K8: =COUNTIFS(Asistencia!$I:$I,$B8,Asistencia!$R:$R,"No válida") -> 0
A9: 05247 | B9: BAUTISTA RUIZ JORGE HERNANDO | C9: =COUNTIFS(Asistencia!$I:$I,$B9) -> 0 | D9: =COUNTIFS(Asistencia!$I:$I,$B9,Asistencia!$M:$M,"A tiempo") -> 0 | E9: =COUNTIFS(Asistencia!$I:$I,$B9,Asistencia!$M:$M,"Tarde") -> 0 | F9: =COUNTIFS(Asistencia!$I:$I,$B9,Asistencia!$M:$M,"No registró") -> 0 | G9: =COUNTIFS(Asistencia!$I:$I,$B9,Asistencia!$N:$N,"NO") -> 0 | H9: =IF(C9=0,"",(D9+E9-K9)/C9) | I9: =IFERROR(AVERAGEIFS(Asistencia!$L:$L,Asistencia!$I:$I,$B9,Asistencia!$M:$M,"Tarde"),"") | J9: =COUNTIFS(Asistencia!$I:$I,$B9,Asistencia!$P:$P,"?*") -> 0 | K9: =COUNTIFS(Asistencia!$I:$I,$B9,Asistencia!$R:$R,"No válida") -> 0
A10: 01504 | B10: BECERRA VARGAS JOSE ARMANDO | C10: =COUNTIFS(Asistencia!$I:$I,$B10) -> 0 | D10: =COUNTIFS(Asistencia!$I:$I,$B10,Asistencia!$M:$M,"A tiempo") -> 0 | E10: =COUNTIFS(Asistencia!$I:$I,$B10,Asistencia!$M:$M,"Tarde") -> 0 | F10: =COUNTIFS(Asistencia!$I:$I,$B10,Asistencia!$M:$M,"No registró") -> 0 | G10: =COUNTIFS(Asistencia!$I:$I,$B10,Asistencia!$N:$N,"NO") -> 0 | H10: =IF(C10=0,"",(D10+E10-K10)/C10) | I10: =IFERROR(AVERAGEIFS(Asistencia!$L:$L,Asistencia!$I:$I,$B10,Asistencia!$M:$M,"Tarde"),"") | J10: =COUNTIFS(Asistencia!$I:$I,$B10,Asistencia!$P:$P,"?*") -> 0 | K10: =COUNTIFS(Asistencia!$I:$I,$B10,Asistencia!$R:$R,"No válida") -> 0
A11: 02247 | B11: BERMUDEZ SANTAELLA JOSE RICARDO | C11: =COUNTIFS(Asistencia!$I:$I,$B11) -> 0 | D11: =COUNTIFS(Asistencia!$I:$I,$B11,Asistencia!$M:$M,"A tiempo") -> 0 | E11: =COUNTIFS(Asistencia!$I:$I,$B11,Asistencia!$M:$M,"Tarde") -> 0 | F11: =COUNTIFS(Asistencia!$I:$I,$B11,Asistencia!$M:$M,"No registró") -> 0 | G11: =COUNTIFS(Asistencia!$I:$I,$B11,Asistencia!$N:$N,"NO") -> 0 | H11: =IF(C11=0,"",(D11+E11-K11)/C11) | I11: =IFERROR(AVERAGEIFS(Asistencia!$L:$L,Asistencia!$I:$I,$B11,Asistencia!$M:$M,"Tarde"),"") | J11: =COUNTIFS(Asistencia!$I:$I,$B11,Asistencia!$P:$P,"?*") -> 0 | K11: =COUNTIFS(Asistencia!$I:$I,$B11,Asistencia!$R:$R,"No válida") -> 0
A12: 06921 | B12: CARDOZO SARMIENTO DARWIN ORLANDO | C12: =COUNTIFS(Asistencia!$I:$I,$B12) -> 0 | D12: =COUNTIFS(Asistencia!$I:$I,$B12,Asistencia!$M:$M,"A tiempo") -> 0 | E12: =COUNTIFS(Asistencia!$I:$I,$B12,Asistencia!$M:$M,"Tarde") -> 0 | F12: =COUNTIFS(Asistencia!$I:$I,$B12,Asistencia!$M:$M,"No registró") -> 0 | G12: =COUNTIFS(Asistencia!$I:$I,$B12,Asistencia!$N:$N,"NO") -> 0 | H12: =IF(C12=0,"",(D12+E12-K12)/C12) | I12: =IFERROR(AVERAGEIFS(Asistencia!$L:$L,Asistencia!$I:$I,$B12,Asistencia!$M:$M,"Tarde"),"") | J12: =COUNTIFS(Asistencia!$I:$I,$B12,Asistencia!$P:$P,"?*") -> 0 | K12: =COUNTIFS(Asistencia!$I:$I,$B12,Asistencia!$R:$R,"No válida") -> 0
A13: 05508 | B13: CASTRO CASADIEGO SERGIO ALEXANDER | C13: =COUNTIFS(Asistencia!$I:$I,$B13) -> 0 | D13: =COUNTIFS(Asistencia!$I:$I,$B13,Asistencia!$M:$M,"A tiempo") -> 0 | E13: =COUNTIFS(Asistencia!$I:$I,$B13,Asistencia!$M:$M,"Tarde") -> 0 | F13: =COUNTIFS(Asistencia!$I:$I,$B13,Asistencia!$M:$M,"No registró") -> 0 | G13: =COUNTIFS(Asistencia!$I:$I,$B13,Asistencia!$N:$N,"NO") -> 0 | H13: =IF(C13=0,"",(D13+E13-K13)/C13) | I13: =IFERROR(AVERAGEIFS(Asistencia!$L:$L,Asistencia!$I:$I,$B13,Asistencia!$M:$M,"Tarde"),"") | J13: =COUNTIFS(Asistencia!$I:$I,$B13,Asistencia!$P:$P,"?*") -> 0 | K13: =COUNTIFS(Asistencia!$I:$I,$B13,Asistencia!$R:$R,"No válida") -> 0
A14: 06374 | B14: CHINCHILLA HERRERA NORBEY | C14: =COUNTIFS(Asistencia!$I:$I,$B14) -> 0 | D14: =COUNTIFS(Asistencia!$I:$I,$B14,Asistencia!$M:$M,"A tiempo") -> 0 | E14: =COUNTIFS(Asistencia!$I:$I,$B14,Asistencia!$M:$M,"Tarde") -> 0 | F14: =COUNTIFS(Asistencia!$I:$I,$B14,Asistencia!$M:$M,"No registró") -> 0 | G14: =COUNTIFS(Asistencia!$I:$I,$B14,Asistencia!$N:$N,"NO") -> 0 | H14: =IF(C14=0,"",(D14+E14-K14)/C14) | I14: =IFERROR(AVERAGEIFS(Asistencia!$L:$L,Asistencia!$I:$I,$B14,Asistencia!$M:$M,"Tarde"),"") | J14: =COUNTIFS(Asistencia!$I:$I,$B14,Asistencia!$P:$P,"?*") -> 0 | K14: =COUNTIFS(Asistencia!$I:$I,$B14,Asistencia!$R:$R,"No válida") -> 0
A15: 00076 | B15: DAVILA MARQUEZ LUIS RODOLFO | C15: =COUNTIFS(Asistencia!$I:$I,$B15) -> 0 | D15: =COUNTIFS(Asistencia!$I:$I,$B15,Asistencia!$M:$M,"A tiempo") -> 0 | E15: =COUNTIFS(Asistencia!$I:$I,$B15,Asistencia!$M:$M,"Tarde") -> 0 | F15: =COUNTIFS(Asistencia!$I:$I,$B15,Asistencia!$M:$M,"No registró") -> 0 | G15: =COUNTIFS(Asistencia!$I:$I,$B15,Asistencia!$N:$N,"NO") -> 0 | H15: =IF(C15=0,"",(D15+E15-K15)/C15) | I15: =IFERROR(AVERAGEIFS(Asistencia!$L:$L,Asistencia!$I:$I,$B15,Asistencia!$M:$M,"Tarde"),"") | J15: =COUNTIFS(Asistencia!$I:$I,$B15,Asistencia!$P:$P,"?*") -> 0 | K15: =COUNTIFS(Asistencia!$I:$I,$B15,Asistencia!$R:$R,"No válida") -> 0
A16: 07418 | B16: DUQUE SUAREZ MARIA CAROLINA | C16: =COUNTIFS(Asistencia!$I:$I,$B16) -> 0 | D16: =COUNTIFS(Asistencia!$I:$I,$B16,Asistencia!$M:$M,"A tiempo") -> 0 | E16: =COUNTIFS(Asistencia!$I:$I,$B16,Asistencia!$M:$M,"Tarde") -> 0 | F16: =COUNTIFS(Asistencia!$I:$I,$B16,Asistencia!$M:$M,"No registró") -> 0 | G16: =COUNTIFS(Asistencia!$I:$I,$B16,Asistencia!$N:$N,"NO") -> 0 | H16: =IF(C16=0,"",(D16+E16-K16)/C16) | I16: =IFERROR(AVERAGEIFS(Asistencia!$L:$L,Asistencia!$I:$I,$B16,Asistencia!$M:$M,"Tarde"),"") | J16: =COUNTIFS(Asistencia!$I:$I,$B16,Asistencia!$P:$P,"?*") -> 0 | K16: =COUNTIFS(Asistencia!$I:$I,$B16,Asistencia!$R:$R,"No válida") -> 0
... A42: 07664 | B42: VALOYES GELVEZ JOSE ELKIN | C42: =COUNTIFS(Asistencia!$I:$I,$B42) -> 0 | D42: =COUNTIFS(Asistencia!$I:$I,$B42,Asistencia!$M:$M,"A tiempo") -> 0 | E42: =COUNTIFS(Asistencia!$I:$I,$B42,Asistencia!$M:$M,"Tarde") -> 0 | F42: =COUNTIFS(Asistencia!$I:$I,$B42,Asistencia!$M:$M,"No registró") -> 0 | G42: =COUNTIFS(Asistencia!$I:$I,$B42,Asistencia!$N:$N,"NO") -> 0 | H42: =IF(C42=0,"",(D42+E42-K42)/C42) | I42: =IFERROR(AVERAGEIFS(Asistencia!$L:$L,Asistencia!$I:$I,$B42,Asistencia!$M:$M,"Tarde"),"") | J42: =COUNTIFS(Asistencia!$I:$I,$B42,Asistencia!$P:$P,"?*") -> 0 | K42: =COUNTIFS(Asistencia!$I:$I,$B42,Asistencia!$R:$R,"No válida") -> 0
B43: TOTAL | C43: =SUM(C5:C42) -> 0 | D43: =SUM(D5:D42) -> 0 | E43: =SUM(E5:E42) -> 0 | F43: =SUM(F5:F42) -> 0 | G43: =SUM(G5:G42) -> 0 | H43: =IF(C43=0,"",(D43+E43-K43)/C43) | J43: =SUM(J5:J42) -> 0 | K43: =SUM(K5:K42) -> 0
